INSERT INTO college (id, name) VALUES ('COBA', 'College of Business Administration');
INSERT INTO department (id, name, collegeID) VALUES ('SITC', 'School of Information Technology and Computing', 'COBA');
INSERT INTO department (id, name, collegeID) VALUES ('DET', 'Digital Entertainment Technology', 'COBA');
INSERT INTO department (id, name, collegeID) VALUES ('CRIM', 'Criminal Justice', 'COBA');
INSERT INTO department (id, name, collegeID) VALUES ('MATH', 'Mathematics', 'COBA');
insert into course (id, department, title, num, hrs) values ('CS115','SITC','Scripting I', 115,3);
insert into course (id, department, title, num, hrs) values ('CS118','SITC','Scripting II', 116,3);
insert into course (id, department, title, num, hrs) values ('CS120','SITC','Programing I', 120,3);
insert into course (id, department, title, num, hrs) values ('CS130','SITC','Programing II', 130,3);
insert into course (id, department, title, num, hrs) values ('CS230','SITC','Object-Oriented Programing', 230,3);
insert into course (id, department, title, num, hrs) values ('CS315','SITC','Mobile Application Development', 315,3);
insert into course (id, department, title, num, hrs) values ('DET210','DET','Introduction to Digital Entertainment', 210,3);
insert into course (id, department, title, num, hrs) values ('DET220','DET','Introduction to 3D Modeling', 220,3);
insert into course (id, department, title, num, hrs) values ('CRIM205','CRIM','Introduction to Criminal Justice', 205,3);
insert into course (id, department, title, num, hrs) values ('CRIM250','CRIM','Police Systems and Practices', 250,3);
INSERT INTO course (id, department, title, num, hrs) VALUES ('ITC220','SITC','Networks I', 220,3);
INSERT INTO course (id, department, title, num, hrs) VALUES ('ITC221','SITC','Networks II', 221,3);
INSERT INTO course (id, department, title, num, hrs) VALUES ('MATH227','MATH','Discrete Math', 227,3);
insert into major (id, title, deptID, reqtext, hrs, gpa) values ('CS', 'Computer Science', 'SITC', 'Minimum grade of C in CS 120, CS 130, CS 230, IT 220, IT 221, MATH 227', 128, 2.00);
insert into major (id, title, deptID, reqtext, hrs, gpa) values ('DET', 'Digital Entertainment Technology', 'SITC', 'All DET majors must perform two required portfolio reviews', 128, 2.00);
INSERT INTO teachers (id, firstname, lastname, departmentID, adjunct) VALUES (1, 'Brian', 'Burton', 'SITC', 0);
INSERT INTO teachers (id, firstname, lastname, departmentID, adjunct) VALUES (2, 'Brent', 'Reeves', 'SITC', 0);
INSERT INTO teachers (id, firstname, lastname, departmentID, adjunct) VALUES (3, 'James', 'Prather', 'SITC', 0);
INSERT INTO student (id, firstname, lastname)  values (1, 'John', 'Doe');
INSERT INTO student (id, firstname, lastname)  values (2, 'Jane', 'Doe');
INSERT INTO student (id, firstname, lastname)  values (69, 'Yo', 'Mama');
INSERT INTO section (crn, max, room, courseID, term, startdate, enddate, days) VALUES (12001,30,'MBB102','CS120','Spring 2025','2025-01-14','2025-05-10','MWF');
INSERT INTO section (crn, max, room, courseID, term, startdate, enddate, days) VALUES (12003, 35, 'MBB104', 'CS130', 'Spring 2025', '2025-01-14', '2025-05-10', 'TR');
INSERT INTO section (crn, max, room, courseID, term, startdate, enddate, days) VALUES (11006, 25, 'MBB115', 'DET210', 'Spring 2025', '2025-01-15', '2025-05-10', 'TR');
INSERT INTO section (crn, max, room, courseID, term, startdate, enddate, days) VALUES (11008, 20, 'MBB117', 'DET220', 'Spring 2025', '2025-01-15', '2025-05-10', 'MWF');
INSERT INTO section (crn, max, room, courseID, term, startdate, enddate, days) VALUES (10060, 30, 'MBB110', 'CRIM205', 'Spring 2025', '2025-01-13', '2025-05-23', 'MW');
INSERT INTO section (crn, max, room, courseID, term, startdate, enddate, days) VALUES (10061, 35, 'MBB120', 'CRIM250', 'Spring 2025', '2025-01-13', '2025-05-23', 'TR');
insert into student_section (studentID, sectionID, grade) VALUES (1, 12001, 3.3);
insert into student_section (studentID, sectionID, grade) VALUES (1, 12003, 2.8);
insert into student_section (studentID, sectionID, grade) VALUES (1, 11006, 3.4);
insert into student_section (studentID, sectionID, grade) VALUES (2, 11006, 3.0);
insert into student_section (studentID, sectionID, grade) VALUES (2, 11008, 3.5);
insert into student_section (studentID, sectionID, grade) VALUES (69, 10060, 3.0);
insert into student_section (studentID, sectionID, grade) VALUES (69, 10061, 2.8);
insert into student_section (studentID, sectionID, grade) VALUES (69, 11006, 2.9);
insert into student_section (studentID, sectionID, grade) VALUES (69, 11008, 3.1);
insert into major_class(majorID, classID) values('CS','CS120');
insert into major_class(majorID, classID) values('CS','CS130');
insert into major_class(majorID, classID) values('CS','CS230');
insert into major_class(majorID, classID) values('CS', 'ITC220');
insert into major_class(majorID, classID) values('CS', 'ITC221');
insert into major_class(majorID, classID) values('CS', 'MATH227');
insert into major_class(majorID, classID) values('DET', 'CS120');
insert into major_class(majorID, classID) values('DET', 'CS130');
insert into major_class(majorID, classID) values('DET', 'CS230');
insert into major_class(majorID, classID) values('DET', 'ITC220');
insert into major_class(majorID, classID) values('DET', 'ITC221');
insert into major_class(majorID, classID) values('DET', 'MATH227');
INSERT INTO and_prereq (course, prereq) VALUES ('CS130','CS120');
INSERT INTO and_prereq (course, prereq) VALUES ('CS230','CS130');
INSERT INTO and_prereq (course, prereq) VALUES ('CS315','CS230');
INSERT INTO or_prereq (course, prereq) VALUES ('CS120','CS115');
INSERT INTO or_prereq (course, prereq) VALUES ('CS230','CS118');
-- tbh no clue what a co_req is so LOL
insert into student_major (studentID, major) values (1, 'CS');
insert into student_major (studentID, major) values (2, 'DET');
insert into student_major (studentID, major) values (69, 'CS');
INSERT INTO concentration(id, major, title, reqtext) VALUES ('SE','CS','Software Engineering','Minimum grade of C in CS 120, CS 130, CS 230; IT 220, IT 221; MATH 227');
INSERT INTO concentration(id, major, title, reqtext) VALUES ('GDP','CS','Game Development','Minimum grade of C in CS 120, CS 130, CS 230; IT 220, IT 221; MATH 227');